{
  "places": [
    "p1",
    "p2",
    "p3",
    "p4",
    "p5",
    "p6",
    "p7",
    "p8",
    "p9",
    "p10",
    "p11",
    "p12"
  ],
  "transitions": [
    "t1",
    "t2",
    "t3",
    "t4",
    "t5",
    "t6",
    "t7",
    "t8",
    "t9",
    "t10"
  ],
  "arcs": {
    "p1,t1": 1,
    "t1,p2": 1,
    "p2,t2": 1,
    "t2,p3": 1,
    "t2,p4": 1,
    "p3,t3": 1,
    "t3,p5": 1,
    "t3,p6": 1,
    "p6,t6": 1,
    "t6,p9": 1,
    "p4,t4": 1,
    "p4,t5": 1,
    "t4,p7": 1,
    "t5,p8": 1,
    "p7,t7": 1,
    "p8,t8": 1,
    "t7,p10": 1,
    "t8,p11": 1,
    "p10,t9": 1,
    "t9,p11": 1,
    "p5,t10": 1,
    "p9,t10": 1,
    "p11,t10": 1,
    "t10,p12": 1
  },
  "labels": {
    "t1": "A",
    "t2": "B",
    "t3": "C",
    "t4": "D",
    "t5": "E",
    "t6": "F",
    "t7": "G",
    "t8": "H",
    "t9": "I",
    "t10": "J"
  },
  "marking": {
    "p1": 0,
    "p2": 0,
    "p3": 0,
    "p4": 0,
    "p5": 0,
    "p6": 0,
    "p7": 0,
    "p8": 0,
    "p9": 0,
    "p10": 0,
    "p11": 0,
    "p12": 0
  },
  "layout": {
    "p1": {
      "x": -471.8467712402344,
      "y": 185.91810607910156
    },
    "p2": {
      "x": -236.3798370361328,
      "y": 187.17727661132812
    },
    "p3": {
      "x": 35.603370666503906,
      "y": 44.889774322509766
    },
    "p4": {
      "x": 38.121734619140625,
      "y": 331.983154296875
    },
    "p5": {
      "x": 306.327392578125,
      "y": -49.5488395690918
    },
    "p6": {
      "x": 311.3641357421875,
      "y": 95.25703430175781
    },
    "p7": {
      "x": 300.031494140625,
      "y": 263.98736572265625
    },
    "p8": {
      "x": 305.0682067871094,
      "y": 401.2381286621094
    },
    "p9": {
      "x": 538.0167846679688,
      "y": 90.22030639648438
    },
    "p10": {
      "x": 531.7208862304688,
      "y": 258.95062255859375
    },
    "p11": {
      "x": 748.3001098632812,
      "y": 335.7607116699219
    },
    "p12": {
      "x": 1002.65478515625,
      "y": 190.954833984375
    },
    "t1": {
      "x": -358.52044677734375,
      "y": 187.17727661132812
    },
    "t2": {
      "x": -110.46168518066406,
      "y": 189.69564819335938
    },
    "t3": {
      "x": 184.18678283691406,
      "y": 43.630592346191406
    },
    "t4": {
      "x": 179.1500701904297,
      "y": 267.764892578125
    },
    "t5": {
      "x": 180.40924072265625,
      "y": 398.71978759765625
    },
    "t6": {
      "x": 417.1353759765625,
      "y": 91.4794921875
    },
    "t7": {
      "x": 419.6537170410156,
      "y": 260.2098083496094
    },
    "t8": {
      "x": 420.91290283203125,
      "y": 393.68304443359375
    },
    "t9": {
      "x": 632.4553833007812,
      "y": 256.4322509765625
    },
    "t10": {
      "x": 889.3284301757812,
      "y": 190.954833984375
    }
  }
}